L,NFE,seed,fid_5k,fid_50k
10,11,101,5.433,2.958
10,11,202,5.545,2.958
10,11,303,5.349,2.924
10,11,404,5.480,2.932
10,11,505,5.515,3.016
10,11,mean+-std,5.465+-0.069,2.958+-0.032
20,21,101,3.551,1.124
20,21,202,3.667,1.151
20,21,303,3.520,1.124
20,21,404,3.637,1.121
20,21,505,3.615,1.162
20,21,mean+-std,3.598+-0.055,1.136+-0.017
50,51,101,3.177,0.758
50,51,202,3.264,0.788
50,51,303,3.131,0.771
50,51,404,3.265,0.765
50,51,505,3.200,0.778
50,51,mean+-std,3.207+-0.052,0.772+-0.011
