source,seed,K,rank,L,NFE,fid_50k
ccvfm,0,1000,30,5,6,3.510
ccvfm,0,1000,30,10,11,2.519
ccvfm,0,1000,30,20,21,2.673
ccvfm,1,1000,30,5,6,3.347
ccvfm,1,1000,30,10,11,2.940
ccvfm,1,1000,30,20,21,3.359
ccvfm,2,1000,30,5,6,3.467
ccvfm,2,1000,30,10,11,2.542
ccvfm,2,1000,30,20,21,2.658
ccvfm,3,1000,30,5,6,2.721
ccvfm,3,1000,30,10,11,2.610
ccvfm,3,1000,30,20,21,3.127
ccvfm,4,1000,30,5,6,3.200
ccvfm,4,1000,30,10,11,2.370
ccvfm,4,1000,30,20,21,2.504
ccvfm,0,1000,10,5,6,3.225
ccvfm,0,1000,10,10,11,3.115
ccvfm,0,1000,10,20,21,3.770
ccvfm,1,1000,10,5,6,3.113
ccvfm,1,1000,10,10,11,3.138
ccvfm,1,1000,10,20,21,3.905
ccvfm,2,1000,10,5,6,3.203
ccvfm,2,1000,10,10,11,4.150
ccvfm,2,1000,10,20,21,5.378
ccvfm,0,1000,50,5,6,2.904
ccvfm,0,1000,50,10,11,2.427
ccvfm,0,1000,50,20,21,2.751
ccvfm,1,1000,50,5,6,3.658
ccvfm,1,1000,50,10,11,2.452
ccvfm,1,1000,50,20,21,2.515
ccvfm,2,1000,50,5,6,2.864
ccvfm,2,1000,50,10,11,2.257
ccvfm,2,1000,50,20,21,2.544
ccvfm,0,1000,200,5,6,3.000
ccvfm,0,1000,200,10,11,2.216
ccvfm,0,1000,200,20,21,2.524
ccvfm,1,1000,200,5,6,3.069
ccvfm,1,1000,200,10,11,2.296
ccvfm,1,1000,200,20,21,2.611
ccvfm,2,1000,200,5,6,3.603
ccvfm,2,1000,200,10,11,2.563
ccvfm,2,1000,200,20,21,2.795
ccvfm,0,1000,784,5,6,3.024
ccvfm,0,1000,784,10,11,2.585
ccvfm,0,1000,784,20,21,3.059
ccvfm,1,1000,784,5,6,2.480
ccvfm,1,1000,784,10,11,2.279
ccvfm,1,1000,784,20,21,2.826
ccvfm,2,1000,784,5,6,3.186
ccvfm,2,1000,784,10,11,2.347
ccvfm,2,1000,784,20,21,2.589
