dataset,n,d,K,rank,transport_cost,ems_s,cov_s,total_s,peak_mem_gb
mnist,60000,784,250,30,25.0129,0,1,2,0.56
mnist,60000,784,500,30,22.7064,0,2,3,0.56
mnist,60000,784,1000,30,20.4827,1,4,5,0.89
mnist,60000,784,2000,30,18.2282,1,9,10,1.58
mnist,60000,784,4000,30,15.8616,3,17,20,2.95
cifar,50000,3072,625,80,345.5551,1,6,7,1.80
cifar,50000,3072,1250,80,328.4709,2,11,13,1.77
cifar,50000,3072,2500,80,307.1222,4,21,25,2.09
cifar,50000,3072,5000,80,278.5758,7,41,48,3.58
cifar,50000,3072,10000,80,234.3975,15,80,95,6.55
