target,d,seed,K,sw2
ThinCircle,2,11,2,0.179688
ThinCircle,2,11,4,0.067151
ThinCircle,2,11,8,0.022686
ThinCircle,2,11,16,0.019106
ThinCircle,2,11,32,0.011995
ThinCircle,2,11,64,0.011606
ThinCircle,2,11,128,0.010744
ThinCircle,2,11,256,0.015506
ThinCircle,2,28,2,0.188797
ThinCircle,2,28,4,0.068698
ThinCircle,2,28,8,0.026522
ThinCircle,2,28,16,0.014348
ThinCircle,2,28,32,0.011817
ThinCircle,2,28,64,0.015372
ThinCircle,2,28,128,0.016680
ThinCircle,2,28,256,0.008756
ThinCircle,2,45,2,0.181786
ThinCircle,2,45,4,0.065832
ThinCircle,2,45,8,0.023530
ThinCircle,2,45,16,0.011943
ThinCircle,2,45,32,0.013456
ThinCircle,2,45,64,0.011146
ThinCircle,2,45,128,0.009242
ThinCircle,2,45,256,0.016575
TwoMoons,2,11,2,0.109565
TwoMoons,2,11,4,0.065313
TwoMoons,2,11,8,0.027524
TwoMoons,2,11,16,0.016224
TwoMoons,2,11,32,0.012698
TwoMoons,2,11,64,0.009420
TwoMoons,2,11,128,0.012588
TwoMoons,2,11,256,0.009969
TwoMoons,2,28,2,0.110196
TwoMoons,2,28,4,0.063087
TwoMoons,2,28,8,0.027142
TwoMoons,2,28,16,0.014948
TwoMoons,2,28,32,0.012152
TwoMoons,2,28,64,0.009840
TwoMoons,2,28,128,0.015203
TwoMoons,2,28,256,0.010687
TwoMoons,2,45,2,0.108814
TwoMoons,2,45,4,0.067486
TwoMoons,2,45,8,0.022707
TwoMoons,2,45,16,0.009948
TwoMoons,2,45,32,0.013980
TwoMoons,2,45,64,0.017270
TwoMoons,2,45,128,0.008897
TwoMoons,2,45,256,0.011532
