dataset,n,d,K,rank,seed,transport_cost,ems_s,cov_s,total_s,peak_mem_gb
mnist,60000,784,250,30,1234,25.0129,0,2,2,0.56
mnist,60000,784,500,30,1234,22.6789,0,2,3,0.56
mnist,60000,784,1000,30,1234,20.4883,1,5,5,0.89
mnist,60000,784,2000,30,1234,18.2270,1,9,10,1.58
mnist,60000,784,4000,30,1234,15.8827,3,19,21,2.95
mnist,60000,784,250,30,5678,24.9786,0,1,1,0.60
mnist,60000,784,500,30,5678,22.6517,0,2,3,0.56
mnist,60000,784,1000,30,5678,20.4647,1,5,5,0.89
mnist,60000,784,2000,30,5678,18.2134,1,9,10,1.58
mnist,60000,784,4000,30,5678,15.8853,3,18,21,2.95
mnist,60000,784,250,30,9012,24.9847,0,1,1,0.60
mnist,60000,784,500,30,9012,22.6446,0,2,3,0.56
mnist,60000,784,1000,30,9012,20.4649,1,5,5,0.89
mnist,60000,784,2000,30,9012,18.2178,2,9,10,1.58
mnist,60000,784,4000,30,9012,15.8864,3,18,21,2.95
cifar,50000,3072,625,80,1234,345.5551,1,6,7,1.80
cifar,50000,3072,1250,80,1234,328.6713,2,11,13,1.77
cifar,50000,3072,2500,80,1234,306.9368,4,21,25,2.09
cifar,50000,3072,5000,80,1234,278.1815,8,42,50,3.58
cifar,50000,3072,10000,80,1234,234.1263,15,82,97,6.55
cifar,50000,3072,625,80,5678,346.1171,1,6,7,1.79
cifar,50000,3072,1250,80,5678,327.7630,2,11,13,1.77
cifar,50000,3072,2500,80,5678,306.6109,4,21,25,2.09
cifar,50000,3072,5000,80,5678,277.7317,8,42,50,3.58
cifar,50000,3072,10000,80,5678,234.1881,14,82,96,6.55
cifar,50000,3072,625,80,9012,345.5690,1,6,7,1.79
cifar,50000,3072,1250,80,9012,327.7471,2,11,13,1.77
cifar,50000,3072,2500,80,9012,306.8120,4,22,25,2.09
cifar,50000,3072,5000,80,9012,278.1541,7,42,49,3.58
cifar,50000,3072,10000,80,9012,234.4829,14,83,97,6.55
