source,seed,K,rank,train_steps,L,nfe,fid_50k
ccvfm_surrogate,0,1000,30,80000,5,6,3.510
ccvfm_surrogate,0,1000,30,80000,10,11,2.519
ccvfm_surrogate,0,1000,30,80000,20,21,2.673
ccvfm_surrogate,1,1000,30,80000,5,6,3.347
ccvfm_surrogate,1,1000,30,80000,10,11,2.940
ccvfm_surrogate,1,1000,30,80000,20,21,3.359
ccvfm_surrogate,2,1000,30,80000,5,6,3.467
ccvfm_surrogate,2,1000,30,80000,10,11,2.542
ccvfm_surrogate,2,1000,30,80000,20,21,2.658
ccvfm_surrogate,3,1000,30,80000,5,6,2.721
ccvfm_surrogate,3,1000,30,80000,10,11,2.610
ccvfm_surrogate,3,1000,30,80000,20,21,3.127
ccvfm_surrogate,4,1000,30,80000,5,6,3.200
ccvfm_surrogate,4,1000,30,80000,10,11,2.370
ccvfm_surrogate,4,1000,30,80000,20,21,2.504
gaussian_hrf2,0,1000,30,80000,5,6,15.008
gaussian_hrf2,0,1000,30,80000,10,11,9.938
gaussian_hrf2,0,1000,30,80000,20,21,10.301
gaussian_hrf2,1,1000,30,80000,5,6,19.322
gaussian_hrf2,1,1000,30,80000,10,11,11.549
gaussian_hrf2,1,1000,30,80000,20,21,9.573
